id,time_order,time_deliv,address,seller
1,2025-04-10 14:12:00,2025-04-10 15:32:00,ул. Ленина 25,Иванов Сергей Петрович
2,2025-04-11 09:45:00,2025-04-11 10:30:00,пр. Мира 88,Петрова Мария Алексеевна
3,2025-04-12 18:20:00,2025-04-12 19:50:00,ул. Чехова 12,Смирнов Алексей Игоревич
4,2025-04-13 12:10:00,2025-04-13 13:05:00,пер. Гоголя 44,Кузнецов Андрей Викторович
5,2025-04-14 08:00:00,2025-04-14 09:30:00,ул. Кирова 15,Новикова Елена Юрьевна
6,2025-04-15 17:45:00,2025-04-15 19:15:00,ул. Советская 77,Морозов Дмитрий Алексеевич
7,2025-04-16 13:25:00,2025-04-16 14:45:00,ул. Победы 22,Фёдорова Ольга Ивановна
8,2025-04-17 10:15:00,2025-04-17 11:35:00,пр. Лесной 58,Васильев Артём Олегович
9,2025-04-18 16:50:00,2025-04-18 18:20:00,ул. Зелёная 3,Зайцева Татьяна Владимировна
10,2025-04-19 11:30:00,2025-04-19 13:00:00,ул. Школьная 101,Киселёв Николай Сергеевич
11,2025-04-20 09:05:00,2025-04-20 10:40:00,ул. Парковая 8,Романова Светлана Игоревна
12,2025-04-21 15:15:00,2025-04-21 16:50:00,ул. Центральная 59,Соловьёв Евгений Михайлович
13,2025-04-22 07:30:00,2025-04-22 08:50:00,ул. Трудовая 16,Александрова Наталья Сергеевна
14,2025-04-23 14:00:00,2025-04-23 15:20:00,ул. Берёзовая 6,Максимов Алексей Павлович
15,2025-04-24 18:40:00,2025-04-24 20:00:00,ул. Весенняя 33,Громова Ирина Алексеевна
16,2025-04-25 10:10:00,2025-04-25 11:45:00,пер. Южный 48,Борисов Александр Викторович
17,2025-04-26 12:55:00,2025-04-26 14:30:00,ул. Пушкина 9,Щербакова Анна Юрьевна
18,2025-04-27 08:40:00,2025-04-27 10:10:00,ул. Новая 62,Филатов Константин Петрович
19,2025-04-28 13:35:00,2025-04-28 14:55:00,ул. Луговая 4,Егорова Мария Владимировна
20,2025-04-29 16:00:00,2025-04-29 17:25:00,ул. Молодёжная 19,Сидоров Иван Николаевич
21,2025-04-30 09:20:00,2025-04-30 10:50:00,ул. Центральная 23,Беляева Ольга Викторовна
22,2025-05-01 15:10:00,2025-05-01 16:35:00,ул. Гагарина 87,Фролов Василий Сергеевич
23,2025-05-02 13:00:00,2025-05-02 14:30:00,ул. Мира 70,Калинина Юлия Павловна
24,2025-05-03 17:45:00,2025-05-03 19:05:00,ул. Победы 40,Денисов Артём Валерьевич
25,2025-05-04 08:30:00,2025-05-04 09:55:00,пер. Лесной 10,Мартынова Светлана Андреевна
26,2025-05-05 11:25:00,2025-05-05 12:45:00,ул. Кирова 121,Жуков Дмитрий Евгеньевич
27,2025-05-06 10:15:00,2025-05-06 11:50:00,ул. Трудовая 3,Виноградова Мария Николаевна
28,2025-05-07 14:40:00,2025-05-07 16:05:00,ул. Ленина 98,Савельев Николай Артёмович
29,2025-05-08 16:55:00,2025-05-08 18:20:00,пр. Мира 42,Михайлова Татьяна Викторовна
30,2025-05-09 09:05:00,2025-05-09 10:35:00,ул. Новая 25,Емельянов Алексей Владимирович
31,2025-05-10 07:45:00,2025-05-10 09:00:00,ул. Парковая 2,Шестакова Ирина Михайловна
32,2025-05-11 15:30:00,2025-05-11 17:00:00,пер. Южный 88,Орлов Виктор Игоревич
33,2025-05-12 08:55:00,2025-05-12 10:25:00,ул. Чехова 65,Гаврилова Елена Аркадьевна
34,2025-05-13 13:20:00,2025-05-13 14:45:00,ул. Весенняя 47,Киселёва Наталья Игоревна
35,2025-05-14 11:40:00,2025-05-14 13:00:00,ул. Лесная 19,Богданов Александр Владимирович
36,2025-05-15 17:10:00,2025-05-15 18:30:00,ул. Победы 59,Тихонова Мария Васильевна
37,2025-05-16 12:30:00,2025-05-16 14:00:00,ул. Берёзовая 39,Королёв Николай Семёнович
38,2025-05-17 09:25:00,2025-05-17 11:00:00,ул. Зелёная 16,Козлова Анастасия Валерьевна
39,2025-05-18 16:00:00,2025-05-18 17:25:00,ул. Советская 6,Быков Роман Алексеевич
40,2025-05-19 10:50:00,2025-05-19 12:10:00,ул. Молодёжная 82,Сидорова Дарья Павловна
41,2025-05-20 08:00:00,2025-05-20 09:15:00,ул. Трудовая 77,Семенов Константин Юрьевич
42,2025-05-21 14:20:00,2025-05-21 15:40:00,ул. Ленина 101,Мельникова Елена Владимировна
43,2025-05-22 18:45:00,2025-05-22 20:15:00,пер. Гоголя 54,Морозова Наталья Сергеевна
44,2025-05-23 07:50:00,2025-05-23 09:30:00,ул. Парковая 36,Григорьев Степан Артемович
45,2025-05-24 12:10:00,2025-05-24 13:35:00,ул. Новая 71,Фомина Светлана Александровна
46,2025-05-25 15:00:00,2025-05-25 16:30:00,ул. Чехова 105,Чернов Алексей Викторович
47,2025-05-26 08:35:00,2025-05-26 10:00:00,ул. Школьная 5,Сергеев Игорь Николаевич
48,2025-05-27 11:20:00,2025-05-27 12:55:00,ул. Кирова 11,Рябова Анна Вячеславовна
49,2025-05-28 13:40:00,2025-05-28 15:00:00,пр. Лесной 73,Беляков Владимир Евгеньевич
50,2025-05-29 10:30:00,2025-05-29 12:05:00,ул. Мира 33,Анисимова Екатерина Дмитриевна
51,2025-05-30 10:15:00,2025-05-30 11:45:00,ул. Пушкина 10,Смирнова Мария Алексеевна
52,2025-05-31 09:00:00,2025-05-31 10:30:00,пр. Победы 22,Кузнецов Артём Сергеевич
53,2025-06-01 14:20:00,2025-06-01 15:50:00,ул. Ленина 55,Морозов Дмитрий Юрьевич
54,2025-06-02 11:40:00,2025-06-02 13:00:00,ул. Советская 15,Федорова Анна Викторовна
55,2025-06-03 12:10:00,2025-06-03 13:45:00,ул. Жукова 25,Новиков Андрей Владимирович
56,2025-06-01 12:00:00,2025-06-01 13:51:00,ул. Молодежная 11,Тихонов Евгений Владимирович
57,2025-06-02 08:30:00,2025-06-02 10:10:00,ул. Южная 23,Петров Пётр Петрович
58,2025-06-03 16:30:00,2025-06-03 18:11:00,ул. Молодежная 11,Фёдоров Артём Викторович
59,2025-06-04 15:00:00,2025-06-04 16:11:00,ул. Садовая 27,Фёдоров Артём Викторович
60,2025-06-05 10:00:00,2025-06-05 11:37:00,ул. Победы 5,Киселёва Полина Васильевна
61,2025-06-06 09:30:00,2025-06-06 11:03:00,ул. Чехова 6,Тихонов Евгений Владимирович
62,2025-06-07 08:20:00,2025-06-07 09:47:00,ул. Мира 40,Зайцев Игорь Никитич
63,2025-06-08 16:10:00,2025-06-08 17:23:00,ул. Ленина 12,Кузнецова Мария Сергеевна
64,2025-06-09 15:20:00,2025-06-09 16:33:00,ул. Молодежная 11,Морозов Дмитрий Юрьевич
65,2025-06-10 08:20:00,2025-06-10 09:59:00,ул. Парковая 16,Комарова Виктория Артемьевна
66,2025-06-11 12:20:00,2025-06-11 13:54:00,ул. Первомайская 1,Мельников Павел Аркадьевич
67,2025-06-12 15:10:00,2025-06-12 16:30:00,ул. Жукова 25,Смирнова Анна Владимировна
68,2025-06-13 16:50:00,2025-06-13 18:28:00,ул. Зеленая 13,Мельников Павел Аркадьевич
69,2025-06-14 15:50:00,2025-06-14 17:31:00,ул. Победы 5,Егоров Константин Ильич
70,2025-06-15 16:10:00,2025-06-15 17:50:00,ул. Садовая 27,Зайцев Игорь Никитич
71,2025-06-16 13:30:00,2025-06-16 14:44:00,ул. Пушкина 34,Лебедев Максим Евгеньевич
72,2025-06-17 12:10:00,2025-06-17 14:03:00,ул. Новая 9,Григорьев Олег Дмитриевич
73,2025-06-18 13:10:00,2025-06-18 15:02:00,ул. Садовая 27,Антонова Людмила Николаевна
74,2025-06-19 11:20:00,2025-06-19 12:53:00,ул. Строителей 3,Николаева Светлана Валерьевна
75,2025-06-20 11:30:00,2025-06-20 13:28:00,ул. Заводская 30,Сидоров Алексей Николаевич
76,2025-06-21 11:20:00,2025-06-21 13:19:00,ул. Гагарина 10,Смирнова Анна Владимировна
77,2025-06-22 08:30:00,2025-06-22 09:48:00,ул. Северная 21,Лебедев Максим Евгеньевич
78,2025-06-23 15:20:00,2025-06-23 16:34:00,ул. Рабочая 17,Тихонов Евгений Владимирович
79,2025-06-24 08:40:00,2025-06-24 09:51:00,ул. Советская 7,Комарова Виктория Артемьевна
80,2025-06-25 11:20:00,2025-06-25 13:18:00,ул. Садовая 27,Тихонов Евгений Владимирович
81,2025-06-26 11:40:00,2025-06-26 12:50:00,ул. Чехова 6,Белова Надежда Тимофеевна
82,2025-06-27 14:50:00,2025-06-27 16:37:00,ул. Садовая 27,Сидоров Алексей Николаевич
83,2025-06-28 14:40:00,2025-06-28 16:04:00,ул. Молодежная 11,Комарова Виктория Артемьевна
84,2025-06-29 13:50:00,2025-06-29 14:53:00,ул. Набережная 28,Зайцев Игорь Никитич
85,2025-06-30 11:20:00,2025-06-30 12:43:00,ул. Первомайская 1,Васильева Ольга Алексеевна
86,2025-07-01 13:30:00,2025-07-01 14:45:00,ул. Восточная 29,Тихонов Евгений Владимирович
87,2025-07-02 13:30:00,2025-07-02 14:31:00,ул. Молодежная 11,Макарова Инна Геннадьевна
88,2025-07-03 11:30:00,2025-07-03 12:30:00,ул. Южная 23,Егоров Константин Ильич
89,2025-07-04 16:10:00,2025-07-04 17:14:00,ул. Победы 5,Алексеева Татьяна Олеговна
90,2025-07-05 15:50:00,2025-07-05 16:59:00,ул. Ленина 12,Васильева Ольга Алексеевна
91,2025-07-06 16:40:00,2025-07-06 18:38:00,ул. Пушкина 34,Комарова Виктория Артемьевна
92,2025-07-07 14:00:00,2025-07-07 15:38:00,ул. Восточная 29,Козлова Дарья Михайловна
93,2025-07-08 14:40:00,2025-07-08 16:16:00,ул. Рабочая 17,Орлова Екатерина Степановна
94,2025-07-09 12:20:00,2025-07-09 13:32:00,ул. Школьная 22,Тимофеева Алина Юрьевна
95,2025-07-10 11:30:00,2025-07-10 13:01:00,ул. Северная 21,Смирнова Анна Владимировна
96,2025-07-11 10:30:00,2025-07-11 12:20:00,ул. Советская 7,Кузнецова Мария Сергеевна
97,2025-07-12 09:10:00,2025-07-12 10:54:00,ул. Набережная 28,Зайцев Игорь Никитич
98,2025-07-13 16:50:00,2025-07-13 17:53:00,ул. Южная 23,Семенов Роман Витальевич
99,2025-07-14 16:50:00,2025-07-14 18:40:00,ул. Центральная 15,Егоров Константин Ильич
100,2025-07-15 09:40:00,2025-07-15 11:02:00,ул. Строителей 3,Петров Пётр Петрович
101,2025-07-16 09:20:00,2025-07-16 10:29:00,ул. Колхозная 14,Тимофеева Алина Юрьевна
102,2025-07-17 16:40:00,2025-07-17 18:05:00,ул. Луговая 2,Николаева Светлана Валерьевна
103,2025-07-18 12:10:00,2025-07-18 13:39:00,ул. Октябрьская 24,Белова Надежда Тимофеевна
104,2025-07-19 10:50:00,2025-07-19 12:17:00,ул. Жукова 25,Зайцев Игорь Никитич
105,2025-07-20 09:50:00,2025-07-20 11:42:00,ул. Южная 23,Киселёва Полина Васильевна
106,2025-07-21 13:30:00,2025-07-21 15:12:00,ул. Ленина 12,Мельников Павел Аркадьевич
107,2025-07-22 12:40:00,2025-07-22 14:13:00,ул. Мира 40,Алексеева Татьяна Олеговна
108,2025-07-23 16:20:00,2025-07-23 17:51:00,ул. Гагарина 10,Мельников Павел Аркадьевич
109,2025-07-24 09:30:00,2025-07-24 11:02:00,ул. Пушкина 34,Борисов Андрей Сергеевич
110,2025-07-25 15:20:00,2025-07-25 16:27:00,ул. Зеленая 13,Лебедев Максим Евгеньевич
111,2025-07-26 10:30:00,2025-07-26 12:13:00,ул. Восточная 29,Тихонов Евгений Владимирович
112,2025-07-27 15:10:00,2025-07-27 16:42:00,ул. Набережная 28,Сидоров Алексей Николаевич
113,2025-07-28 10:50:00,2025-07-28 12:12:00,ул. Зеленая 13,Попов Михаил Андреевич
114,2025-07-29 08:20:00,2025-07-29 09:31:00,ул. Строителей 3,Зайцев Игорь Никитич
115,2025-07-30 11:50:00,2025-07-30 13:02:00,ул. Советская 7,Алексеева Татьяна Олеговна
116,2025-07-31 08:40:00,2025-07-31 10:23:00,ул. Чехова 6,Васильева Ольга Алексеевна
117,2025-08-01 14:40:00,2025-08-01 16:40:00,ул. Южная 23,Григорьев Олег Дмитриевич
118,2025-08-02 14:20:00,2025-08-02 15:24:00,ул. Чехова 6,Киселёва Полина Васильевна
119,2025-08-03 12:10:00,2025-08-03 13:31:00,ул. Советская 7,Григорьев Олег Дмитриевич
120,2025-08-04 11:00:00,2025-08-04 12:46:00,ул. Советская 7,Белова Надежда Тимофеевна
121,2025-08-05 08:10:00,2025-08-05 10:00:00,ул. Полевая 19,Морозов Дмитрий Юрьевич
122,2025-08-06 11:40:00,2025-08-06 12:55:00,ул. Садовая 27,Иванов Иван Иванович
123,2025-08-07 10:30:00,2025-08-07 12:09:00,ул. Набережная 28,Смирнова Анна Владимировна
124,2025-08-08 16:20:00,2025-08-08 18:18:00,ул. Зеленая 13,Сидоров Алексей Николаевич
125,2025-08-09 13:40:00,2025-08-09 15:10:00,ул. Луговая 2,Морозов Дмитрий Юрьевич
126,2025-08-10 09:00:00,2025-08-10 10:23:00,ул. Полевая 19,Орлова Екатерина Степановна
127,2025-08-11 10:10:00,2025-08-11 11:31:00,ул. Набережная 28,Орлова Екатерина Степановна
128,2025-08-12 11:30:00,2025-08-12 12:56:00,ул. Ленина 12,Лебедев Максим Евгеньевич
129,2025-08-13 13:50:00,2025-08-13 14:54:00,ул. Колхозная 14,Васильева Ольга Алексеевна
130,2025-08-14 14:40:00,2025-08-14 15:58:00,ул. Строителей 3,Смирнова Анна Владимировна
131,2025-08-15 12:00:00,2025-08-15 13:34:00,ул. Луговая 2,Фёдоров Артём Викторович
132,2025-08-16 12:40:00,2025-08-16 13:51:00,ул. Луговая 2,Смирнова Анна Владимировна
133,2025-08-17 15:50:00,2025-08-17 17:23:00,ул. Западная 8,Макарова Инна Геннадьевна
134,2025-08-18 11:10:00,2025-08-18 12:42:00,ул. Восточная 29,Петров Пётр Петрович
135,2025-08-19 15:50:00,2025-08-19 17:36:00,ул. Восточная 29,Козлова Дарья Михайловна
136,2025-08-20 15:10:00,2025-08-20 17:08:00,ул. Колхозная 14,Лебедев Максим Евгеньевич
137,2025-08-21 08:50:00,2025-08-21 10:01:00,ул. Победы 5,Киселёва Полина Васильевна
138,2025-08-22 16:00:00,2025-08-22 17:22:00,ул. Новая 9,Егоров Константин Ильич
139,2025-08-23 16:30:00,2025-08-23 17:42:00,ул. Северная 21,Григорьев Олег Дмитриевич
140,2025-08-24 08:30:00,2025-08-24 10:21:00,ул. Луговая 2,Васильева Ольга Алексеевна
141,2025-08-25 12:00:00,2025-08-25 13:17:00,ул. Строителей 3,Николаева Светлана Валерьевна
142,2025-08-26 08:30:00,2025-08-26 09:44:00,ул. Октябрьская 24,Григорьев Олег Дмитриевич
143,2025-08-27 10:30:00,2025-08-27 11:49:00,ул. Строителей 3,Киселёва Полина Васильевна
144,2025-08-28 11:40:00,2025-08-28 13:13:00,ул. Чехова 6,Новикова Елена Павловна
145,2025-08-29 09:50:00,2025-08-29 11:08:00,ул. Колхозная 14,Тихонов Евгений Владимирович
146,2025-08-30 12:30:00,2025-08-30 13:34:00,ул. Колхозная 14,Николаева Светлана Валерьевна
147,2025-08-31 09:00:00,2025-08-31 10:47:00,ул. Чехова 6,Лебедев Максим Евгеньевич
148,2025-09-01 12:20:00,2025-09-01 13:42:00,ул. Кирова 18,Комарова Виктория Артемьевна
149,2025-09-02 09:40:00,2025-09-02 11:19:00,ул. Садовая 27,Белова Надежда Тимофеевна
150,2025-09-03 10:30:00,2025-09-03 12:17:00,ул. Луговая 2,Кузнецова Мария Сергеевна
151,2025-09-04 14:40:00,2025-09-04 16:19:00,ул. Советская 7,Иванов Иван Иванович
152,2025-09-05 15:40:00,2025-09-05 17:28:00,ул. Восточная 29,Кузнецова Мария Сергеевна
153,2025-09-06 09:50:00,2025-09-06 11:25:00,ул. Парковая 16,Егоров Константин Ильич
154,2025-09-07 14:30:00,2025-09-07 15:43:00,ул. Западная 8,Семенов Роман Витальевич
155,2025-09-08 09:10:00,2025-09-08 11:04:00,ул. Чехова 6,Антонова Людмила Николаевна
156,2025-09-09 08:10:00,2025-09-09 09:50:00,ул. Садовая 27,Лебедев Максим Евгеньевич
157,2025-09-10 10:40:00,2025-09-10 12:24:00,ул. Новая 9,Тихонов Евгений Владимирович
158,2025-09-11 11:20:00,2025-09-11 13:15:00,ул. Пушкина 34,Петров Пётр Петрович
159,2025-09-12 12:20:00,2025-09-12 13:45:00,ул. Луговая 2,Фёдоров Артём Викторович
160,2025-09-13 12:00:00,2025-09-13 13:21:00,ул. Новая 9,Попов Михаил Андреевич
161,2025-09-14 08:50:00,2025-09-14 10:36:00,ул. Луговая 2,Кузнецова Мария Сергеевна
162,2025-09-15 11:30:00,2025-09-15 12:38:00,ул. Новая 9,Тимофеева Алина Юрьевна
163,2025-09-16 12:50:00,2025-09-16 14:32:00,ул. Восточная 29,Лебедев Максим Евгеньевич
164,2025-09-17 12:20:00,2025-09-17 13:27:00,ул. Колхозная 14,Мельников Павел Аркадьевич
165,2025-09-18 08:30:00,2025-09-18 10:13:00,ул. Молодежная 11,Козлова Дарья Михайловна
166,2025-09-19 15:00:00,2025-09-19 16:19:00,ул. Школьная 22,Николаева Светлана Валерьевна
167,2025-09-20 15:30:00,2025-09-20 16:55:00,ул. Восточная 29,Семенов Роман Витальевич
168,2025-09-21 12:10:00,2025-09-21 13:26:00,ул. Чехова 6,Новикова Елена Павловна
169,2025-09-22 15:50:00,2025-09-22 17:36:00,ул. Мира 40,Комарова Виктория Артемьевна
170,2025-09-23 15:10:00,2025-09-23 16:23:00,ул. Луговая 2,Фёдоров Артём Викторович
171,2025-09-24 11:10:00,2025-09-24 12:27:00,ул. Новая 9,Соколова Наталья Романовна
172,2025-09-25 12:00:00,2025-09-25 13:24:00,ул. Парковая 16,Сидоров Алексей Николаевич
173,2025-09-26 11:50:00,2025-09-26 13:25:00,ул. Мира 40,Иванов Иван Иванович
174,2025-09-27 16:20:00,2025-09-27 17:39:00,ул. Луговая 2,Орлова Екатерина Степановна
175,2025-09-28 13:20:00,2025-09-28 14:28:00,ул. Березовая 4,Лебедев Максим Евгеньевич
176,2025-09-29 16:30:00,2025-09-29 17:45:00,ул. Колхозная 14,Попов Михаил Андреевич
177,2025-09-30 10:20:00,2025-09-30 11:26:00,ул. Западная 8,Тимофеева Алина Юрьевна
178,2025-10-01 11:30:00,2025-10-01 12:36:00,ул. Мира 40,Козлова Дарья Михайловна
179,2025-10-02 16:00:00,2025-10-02 17:50:00,ул. Гагарина 10,Тихонов Евгений Владимирович
180,2025-10-03 09:10:00,2025-10-03 11:02:00,ул. Колхозная 14,Белова Надежда Тимофеевна
181,2025-10-04 09:10:00,2025-10-04 10:31:00,ул. Полевая 19,Фёдоров Артём Викторович
182,2025-10-05 09:50:00,2025-10-05 11:38:00,ул. Октябрьская 24,Антонова Людмила Николаевна
183,2025-10-06 15:10:00,2025-10-06 16:24:00,ул. Полевая 19,Кузнецова Мария Сергеевна
184,2025-10-07 11:50:00,2025-10-07 13:07:00,ул. Молодежная 11,Алексеева Татьяна Олеговна
185,2025-10-08 11:40:00,2025-10-08 13:14:00,ул. Школьная 22,Николаева Светлана Валерьевна
186,2025-10-09 08:10:00,2025-10-09 09:42:00,ул. Парковая 16,Киселёва Полина Васильевна
187,2025-10-10 11:10:00,2025-10-10 13:07:00,ул. Чехова 6,Николаева Светлана Валерьевна
188,2025-10-11 16:20:00,2025-10-11 18:19:00,ул. Мира 40,Николаева Светлана Валерьевна
189,2025-10-12 10:10:00,2025-10-12 11:17:00,ул. Набережная 28,Киселёва Полина Васильевна
190,2025-10-13 10:50:00,2025-10-13 12:39:00,ул. Рабочая 17,Белова Надежда Тимофеевна
191,2025-10-14 08:00:00,2025-10-14 09:54:00,ул. Чехова 6,Антонова Людмила Николаевна
192,2025-10-15 08:50:00,2025-10-15 10:36:00,ул. Садовая 27,Васильева Ольга Алексеевна
193,2025-10-16 12:10:00,2025-10-16 13:33:00,ул. Березовая 4,Николаева Светлана Валерьевна
194,2025-10-17 08:50:00,2025-10-17 09:55:00,ул. Мира 40,Николаева Светлана Валерьевна
195,2025-10-18 15:10:00,2025-10-18 17:02:00,ул. Жукова 25,Борисов Андрей Сергеевич
196,2025-10-19 13:10:00,2025-10-19 14:20:00,ул. Кирова 18,Михайлов Станислав Игоревич
197,2025-10-20 13:30:00,2025-10-20 15:13:00,ул. Школьная 22,Борисов Андрей Сергеевич
198,2025-10-21 09:50:00,2025-10-21 10:58:00,ул. Чехова 6,Новикова Елена Павловна
199,2025-10-22 09:20:00,2025-10-22 10:33:00,ул. Колхозная 14,Смирнова Анна Владимировна
200,2025-10-23 09:10:00,2025-10-23 10:39:00,ул. Парковая 16,Орлова Екатерина Степановна
201,2025-10-24 09:50:00,2025-10-24 10:51:00,ул. Южная 23,Козлова Дарья Михайловна
202,2025-10-25 15:40:00,2025-10-25 17:25:00,ул. Рабочая 17,Васильева Ольга Алексеевна
203,2025-10-26 16:30:00,2025-10-26 17:56:00,ул. Октябрьская 24,Попов Михаил Андреевич
204,2025-10-27 13:30:00,2025-10-27 15:27:00,ул. Ленина 12,Фёдоров Артём Викторович
205,2025-10-28 09:40:00,2025-10-28 11:10:00,ул. Рабочая 17,Мельников Павел Аркадьевич
206,2025-10-29 11:40:00,2025-10-29 13:13:00,ул. Строителей 3,Соколова Наталья Романовна
207,2025-10-30 14:10:00,2025-10-30 16:07:00,ул. Победы 5,Семенов Роман Витальевич
208,2025-10-31 13:10:00,2025-10-31 14:36:00,ул. Первомайская 1,Соколова Наталья Романовна
209,2025-11-01 13:00:00,2025-11-01 14:02:00,ул. Набережная 28,Лебедев Максим Евгеньевич
210,2025-11-02 09:40:00,2025-11-02 11:15:00,ул. Зеленая 13,Егоров Константин Ильич
211,2025-11-03 16:00:00,2025-11-03 17:03:00,ул. Пушкина 34,Попов Михаил Андреевич
212,2025-11-04 08:10:00,2025-11-04 09:23:00,ул. Первомайская 1,Сидоров Алексей Николаевич
213,2025-11-05 16:40:00,2025-11-05 17:41:00,ул. Пушкина 34,Попов Михаил Андреевич
214,2025-11-06 11:00:00,2025-11-06 12:46:00,ул. Кирова 18,Смирнова Анна Владимировна
215,2025-11-07 14:40:00,2025-11-07 16:11:00,ул. Колхозная 14,Иванов Иван Иванович
216,2025-11-08 08:10:00,2025-11-08 09:58:00,ул. Ленина 12,Новикова Елена Павловна
217,2025-11-09 08:50:00,2025-11-09 10:04:00,ул. Октябрьская 24,Фёдоров Артём Викторович
218,2025-11-10 14:40:00,2025-11-10 16:12:00,ул. Октябрьская 24,Киселёва Полина Васильевна
219,2025-11-11 08:40:00,2025-11-11 10:24:00,ул. Первомайская 1,Киселёва Полина Васильевна
220,2025-11-12 14:00:00,2025-11-12 15:52:00,ул. Березовая 4,Иванов Иван Иванович
221,2025-11-13 13:40:00,2025-11-13 14:40:00,ул. Южная 23,Морозов Дмитрий Юрьевич
222,2025-11-14 14:30:00,2025-11-14 16:20:00,ул. Полевая 19,Белова Надежда Тимофеевна
223,2025-11-15 08:10:00,2025-11-15 09:24:00,ул. Восточная 29,Орлова Екатерина Степановна
224,2025-11-16 11:30:00,2025-11-16 12:46:00,ул. Западная 8,Лебедев Максим Евгеньевич
225,2025-11-17 16:00:00,2025-11-17 17:27:00,ул. Садовая 27,Смирнова Анна Владимировна
226,2025-11-18 12:10:00,2025-11-18 13:32:00,ул. Заводская 30,Козлова Дарья Михайловна
227,2025-11-19 16:00:00,2025-11-19 17:25:00,ул. Гагарина 10,Алексеева Татьяна Олеговна
228,2025-11-20 14:00:00,2025-11-20 15:23:00,ул. Новая 9,Сидоров Алексей Николаевич
229,2025-11-21 16:00:00,2025-11-21 17:38:00,ул. Гагарина 10,Иванов Иван Иванович
230,2025-11-22 13:00:00,2025-11-22 14:55:00,ул. Заводская 30,Григорьев Олег Дмитриевич
231,2025-11-23 12:00:00,2025-11-23 13:17:00,ул. Молодежная 11,Егоров Константин Ильич
232,2025-11-24 09:20:00,2025-11-24 10:38:00,ул. Южная 23,Орлова Екатерина Степановна
233,2025-11-25 09:50:00,2025-11-25 10:54:00,ул. Восточная 29,Орлова Екатерина Степановна
234,2025-11-26 12:00:00,2025-11-26 14:00:00,ул. Мира 40,Тимофеева Алина Юрьевна
235,2025-11-27 11:20:00,2025-11-27 13:05:00,ул. Луговая 2,Лебедев Максим Евгеньевич
236,2025-11-28 08:00:00,2025-11-28 09:06:00,ул. Центральная 15,Новикова Елена Павловна
237,2025-11-29 14:40:00,2025-11-29 16:30:00,ул. Октябрьская 24,Морозов Дмитрий Юрьевич
238,2025-11-30 13:00:00,2025-11-30 14:02:00,ул. Луговая 2,Семенов Роман Витальевич
239,2025-12-01 14:10:00,2025-12-01 15:47:00,ул. Ленина 12,Киселёва Полина Васильевна
240,2025-12-02 09:20:00,2025-12-02 10:45:00,ул. Западная 8,Михайлов Станислав Игоревич
241,2025-12-03 10:30:00,2025-12-03 11:49:00,ул. Гагарина 10,Семенов Роман Витальевич
242,2025-12-04 10:20:00,2025-12-04 11:51:00,ул. Садовая 27,Семенов Роман Витальевич
243,2025-12-05 12:30:00,2025-12-05 14:01:00,ул. Октябрьская 24,Николаева Светлана Валерьевна
244,2025-12-06 09:30:00,2025-12-06 10:44:00,ул. Жукова 25,Морозов Дмитрий Юрьевич
245,2025-12-07 12:20:00,2025-12-07 13:59:00,ул. Победы 5,Григорьев Олег Дмитриевич
246,2025-12-08 08:50:00,2025-12-08 10:06:00,ул. Жукова 25,Николаева Светлана Валерьевна
247,2025-12-09 15:40:00,2025-12-09 16:41:00,ул. Колхозная 14,Васильева Ольга Алексеевна
248,2025-12-10 13:40:00,2025-12-10 14:54:00,ул. Советская 7,Козлова Дарья Михайловна
249,2025-12-11 14:50:00,2025-12-11 16:37:00,ул. Жукова 25,Петров Пётр Петрович
250,2025-12-12 13:00:00,2025-12-12 14:01:00,ул. Первомайская 1,Белова Надежда Тимофеевна
251,2025-12-13 12:10:00,2025-12-13 13:11:00,ул. Новая 9,Григорьев Олег Дмитриевич
252,2025-12-14 10:40:00,2025-12-14 11:54:00,ул. Школьная 22,Лебедев Максим Евгеньевич
253,2025-12-15 10:10:00,2025-12-15 11:59:00,ул. Западная 8,Орлова Екатерина Степановна
254,2025-12-16 13:10:00,2025-12-16 14:15:00,ул. Гагарина 10,Киселёва Полина Васильевна
255,2025-12-17 13:30:00,2025-12-17 15:18:00,ул. Чехова 6,Михайлов Станислав Игоревич
256,2025-06-01 16:30:00,2025-06-01 18:15:00,ул. Западная 8,Михайлов Станислав Игоревич
257,2025-06-02 12:40:00,2025-06-02 13:55:00,ул. Луговая 2,Иванов Иван Иванович
258,2025-06-03 09:40:00,2025-06-03 10:47:00,ул. Первомайская 1,Кузнецова Мария Сергеевна
259,2025-06-04 11:00:00,2025-06-04 12:24:00,ул. Центральная 15,Григорьев Олег Дмитриевич
260,2025-06-05 13:10:00,2025-06-05 14:45:00,ул. Жукова 25,Петров Пётр Петрович
261,2025-06-06 15:10:00,2025-06-06 16:42:00,ул. Парковая 16,Лебедев Максим Евгеньевич
262,2025-06-07 13:10:00,2025-06-07 14:18:00,ул. Жукова 25,Лебедев Максим Евгеньевич
263,2025-06-08 12:40:00,2025-06-08 13:40:00,ул. Восточная 29,Тимофеева Алина Юрьевна
264,2025-06-09 10:30:00,2025-06-09 12:24:00,ул. Школьная 22,Николаева Светлана Валерьевна
265,2025-06-10 09:00:00,2025-06-10 10:46:00,ул. Ленина 12,Орлова Екатерина Степановна
266,2025-06-11 08:10:00,2025-06-11 09:39:00,ул. Чехова 6,Борисов Андрей Сергеевич
267,2025-06-12 16:50:00,2025-06-12 18:02:00,ул. Победы 5,Иванов Иван Иванович
268,2025-06-13 09:20:00,2025-06-13 10:43:00,ул. Чехова 6,Смирнова Анна Владимировна
269,2025-06-14 13:50:00,2025-06-14 15:38:00,ул. Новая 9,Семенов Роман Витальевич
270,2025-06-15 14:50:00,2025-06-15 16:34:00,ул. Парковая 16,Киселёва Полина Васильевна
271,2025-06-16 08:40:00,2025-06-16 10:34:00,ул. Центральная 15,Морозов Дмитрий Юрьевич
272,2025-06-17 10:00:00,2025-06-17 11:47:00,ул. Березовая 4,Киселёва Полина Васильевна
273,2025-06-18 14:00:00,2025-06-18 15:58:00,ул. Советская 7,Сидоров Алексей Николаевич
274,2025-06-19 13:40:00,2025-06-19 14:44:00,ул. Кирова 18,Комарова Виктория Артемьевна
275,2025-06-20 16:20:00,2025-06-20 18:18:00,ул. Луговая 2,Комарова Виктория Артемьевна
276,2025-06-21 09:30:00,2025-06-21 11:05:00,ул. Новая 9,Антонова Людмила Николаевна
277,2025-06-22 15:00:00,2025-06-22 16:15:00,ул. Молодежная 11,Мельников Павел Аркадьевич
278,2025-06-23 15:00:00,2025-06-23 16:35:00,ул. Рабочая 17,Алексеева Татьяна Олеговна
279,2025-06-24 10:30:00,2025-06-24 11:40:00,ул. Строителей 3,Соколова Наталья Романовна
280,2025-06-25 12:50:00,2025-06-25 14:26:00,ул. Колхозная 14,Борисов Андрей Сергеевич
281,2025-06-26 14:40:00,2025-06-26 16:13:00,ул. Ленина 12,Лебедев Максим Евгеньевич
282,2025-06-27 08:40:00,2025-06-27 09:47:00,ул. Парковая 16,Николаева Светлана Валерьевна
283,2025-06-28 11:30:00,2025-06-28 13:11:00,ул. Мира 40,Михайлов Станислав Игоревич
284,2025-06-29 16:40:00,2025-06-29 17:55:00,ул. Парковая 16,Борисов Андрей Сергеевич
285,2025-06-30 15:40:00,2025-06-30 17:20:00,ул. Победы 5,Орлова Екатерина Степановна
286,2025-07-01 12:40:00,2025-07-01 14:35:00,ул. Луговая 2,Тихонов Евгений Владимирович
287,2025-07-02 12:20:00,2025-07-02 14:10:00,ул. Новая 9,Борисов Андрей Сергеевич
288,2025-07-03 08:10:00,2025-07-03 10:00:00,ул. Чехова 6,Егоров Константин Ильич
289,2025-07-04 12:10:00,2025-07-04 13:37:00,ул. Строителей 3,Иванов Иван Иванович
290,2025-07-05 11:20:00,2025-07-05 12:51:00,ул. Строителей 3,Кузнецова Мария Сергеевна
291,2025-07-06 10:10:00,2025-07-06 11:21:00,ул. Октябрьская 24,Зайцев Игорь Никитич
292,2025-07-07 16:30:00,2025-07-07 17:38:00,ул. Пушкина 34,Борисов Андрей Сергеевич
293,2025-07-08 08:40:00,2025-07-08 10:05:00,ул. Полевая 19,Козлова Дарья Михайловна
294,2025-07-09 11:30:00,2025-07-09 12:35:00,ул. Строителей 3,Григорьев Олег Дмитриевич
295,2025-07-10 10:20:00,2025-07-10 11:42:00,ул. Новая 9,Семенов Роман Витальевич
296,2025-07-11 15:30:00,2025-07-11 17:04:00,ул. Зеленая 13,Орлова Екатерина Степановна
297,2025-07-12 08:40:00,2025-07-12 10:22:00,ул. Ленина 12,Лебедев Максим Евгеньевич
298,2025-07-13 09:20:00,2025-07-13 10:24:00,ул. Набережная 28,Иванов Иван Иванович
299,2025-07-14 09:10:00,2025-07-14 10:56:00,ул. Школьная 22,Николаева Светлана Валерьевна
300,2025-07-15 10:10:00,2025-07-15 11:54:00,ул. Мира 40,Кузнецова Мария Сергеевна
301,2025-07-16 14:30:00,2025-07-16 16:07:00,ул. Полевая 19,Николаева Светлана Валерьевна
302,2025-07-17 12:00:00,2025-07-17 13:13:00,ул. Восточная 29,Алексеева Татьяна Олеговна
303,2025-07-18 12:20:00,2025-07-18 13:53:00,ул. Зеленая 13,Семенов Роман Витальевич
304,2025-07-19 08:40:00,2025-07-19 09:41:00,ул. Колхозная 14,Тимофеева Алина Юрьевна
305,2025-07-20 08:50:00,2025-07-20 10:35:00,ул. Школьная 22,Комарова Виктория Артемьевна
306,2025-07-21 15:00:00,2025-07-21 16:48:00,ул. Жукова 25,Борисов Андрей Сергеевич
307,2025-07-22 16:50:00,2025-07-22 18:37:00,ул. Южная 23,Михайлов Станислав Игоревич
308,2025-07-23 12:20:00,2025-07-23 13:31:00,ул. Новая 9,Николаева Светлана Валерьевна
309,2025-07-24 16:30:00,2025-07-24 18:07:00,ул. Молодежная 11,Николаева Светлана Валерьевна
310,2025-07-25 10:20:00,2025-07-25 12:10:00,ул. Победы 5,Мельников Павел Аркадьевич
311,2025-07-26 10:00:00,2025-07-26 11:16:00,ул. Чехова 6,Соколова Наталья Романовна
312,2025-07-27 14:20:00,2025-07-27 15:54:00,ул. Жукова 25,Антонова Людмила Николаевна
313,2025-07-28 14:30:00,2025-07-28 15:56:00,ул. Первомайская 1,Зайцев Игорь Никитич
314,2025-07-29 10:20:00,2025-07-29 12:19:00,ул. Садовая 27,Орлова Екатерина Степановна
315,2025-07-30 14:30:00,2025-07-30 16:05:00,ул. Луговая 2,Тимофеева Алина Юрьевна
316,2025-07-31 08:40:00,2025-07-31 10:17:00,ул. Октябрьская 24,Фёдоров Артём Викторович
317,2025-08-01 12:00:00,2025-08-01 14:00:00,ул. Ленина 12,Белова Надежда Тимофеевна
318,2025-08-02 08:50:00,2025-08-02 10:43:00,ул. Жукова 25,Соколова Наталья Романовна
319,2025-08-03 11:30:00,2025-08-03 13:28:00,ул. Рабочая 17,Морозов Дмитрий Юрьевич
320,2025-08-04 09:20:00,2025-08-04 10:43:00,ул. Пушкина 34,Сидоров Алексей Николаевич
321,2025-08-05 10:10:00,2025-08-05 11:47:00,ул. Луговая 2,Орлова Екатерина Степановна
322,2025-08-06 16:30:00,2025-08-06 18:06:00,ул. Рабочая 17,Тимофеева Алина Юрьевна
323,2025-08-07 12:50:00,2025-08-07 14:33:00,ул. Молодежная 11,Борисов Андрей Сергеевич
324,2025-08-08 14:00:00,2025-08-08 15:30:00,ул. Октябрьская 24,Семенов Роман Витальевич
325,2025-08-09 15:40:00,2025-08-09 17:30:00,ул. Гагарина 10,Николаева Светлана Валерьевна
326,2025-08-10 08:40:00,2025-08-10 09:59:00,ул. Зеленая 13,Орлова Екатерина Степановна
327,2025-08-11 09:30:00,2025-08-11 10:46:00,ул. Первомайская 1,Зайцев Игорь Никитич
328,2025-08-12 15:10:00,2025-08-12 16:18:00,ул. Молодежная 11,Тимофеева Алина Юрьевна
329,2025-08-13 13:00:00,2025-08-13 14:03:00,ул. Южная 23,Сидоров Алексей Николаевич
330,2025-08-14 15:20:00,2025-08-14 16:59:00,ул. Ленина 12,Григорьев Олег Дмитриевич
331,2025-08-15 12:30:00,2025-08-15 13:46:00,ул. Молодежная 11,Тимофеева Алина Юрьевна
332,2025-08-16 11:30:00,2025-08-16 13:07:00,ул. Западная 8,Михайлов Станислав Игоревич
333,2025-08-17 10:20:00,2025-08-17 11:41:00,ул. Чехова 6,Петров Пётр Петрович
334,2025-08-18 14:20:00,2025-08-18 15:24:00,ул. Западная 8,Смирнова Анна Владимировна
335,2025-08-19 09:40:00,2025-08-19 11:24:00,ул. Западная 8,Орлова Екатерина Степановна
336,2025-08-20 09:20:00,2025-08-20 10:46:00,ул. Школьная 22,Киселёва Полина Васильевна
337,2025-08-21 11:40:00,2025-08-21 12:40:00,ул. Зеленая 13,Зайцев Игорь Никитич
338,2025-08-22 10:30:00,2025-08-22 12:14:00,ул. Гагарина 10,Егоров Константин Ильич
339,2025-08-23 14:50:00,2025-08-23 16:29:00,ул. Западная 8,Тимофеева Алина Юрьевна
340,2025-08-24 13:00:00,2025-08-24 14:31:00,ул. Строителей 3,Белова Надежда Тимофеевна
341,2025-08-25 12:40:00,2025-08-25 14:23:00,ул. Садовая 27,Попов Михаил Андреевич
342,2025-08-26 08:10:00,2025-08-26 09:34:00,ул. Ленина 12,Петров Пётр Петрович
343,2025-08-27 10:30:00,2025-08-27 12:10:00,ул. Гагарина 10,Макарова Инна Геннадьевна
344,2025-08-28 12:10:00,2025-08-28 13:18:00,ул. Заводская 30,Смирнова Анна Владимировна
345,2025-08-29 13:40:00,2025-08-29 15:03:00,ул. Мира 40,Фёдоров Артём Викторович
346,2025-08-30 10:10:00,2025-08-30 11:10:00,ул. Колхозная 14,Новикова Елена Павловна
347,2025-08-31 14:20:00,2025-08-31 16:01:00,ул. Строителей 3,Попов Михаил Андреевич
348,2025-09-01 08:30:00,2025-09-01 09:57:00,ул. Садовая 27,Лебедев Максим Евгеньевич
349,2025-09-02 11:20:00,2025-09-02 12:54:00,ул. Зеленая 13,Борисов Андрей Сергеевич
350,2025-09-03 10:20:00,2025-09-03 11:26:00,ул. Южная 23,Егоров Константин Ильич
351,2025-09-04 12:30:00,2025-09-04 13:47:00,ул. Школьная 22,Козлова Дарья Михайловна
352,2025-09-05 16:10:00,2025-09-05 17:37:00,ул. Мира 40,Смирнова Анна Владимировна
353,2025-09-06 15:30:00,2025-09-06 16:39:00,ул. Строителей 3,Алексеева Татьяна Олеговна
354,2025-09-07 09:30:00,2025-09-07 10:33:00,ул. Кирова 18,Лебедев Максим Евгеньевич
355,2025-09-08 10:30:00,2025-09-08 11:53:00,ул. Набережная 28,Морозов Дмитрий Юрьевич
356,2025-09-09 10:50:00,2025-09-09 12:49:00,ул. Пушкина 34,Зайцев Игорь Никитич
357,2025-09-10 11:40:00,2025-09-10 12:43:00,ул. Гагарина 10,Соколова Наталья Романовна
358,2025-09-11 11:00:00,2025-09-11 12:28:00,ул. Полевая 19,Антонова Людмила Николаевна
359,2025-09-12 14:10:00,2025-09-12 15:54:00,ул. Луговая 2,Соколова Наталья Романовна
360,2025-09-13 11:40:00,2025-09-13 13:21:00,ул. Восточная 29,Тихонов Евгений Владимирович
361,2025-09-14 08:40:00,2025-09-14 10:07:00,ул. Пушкина 34,Орлова Екатерина Степановна
362,2025-09-15 10:10:00,2025-09-15 11:24:00,ул. Парковая 16,Петров Пётр Петрович
363,2025-09-16 11:20:00,2025-09-16 12:35:00,ул. Колхозная 14,Макарова Инна Геннадьевна
364,2025-09-17 16:40:00,2025-09-17 18:20:00,ул. Луговая 2,Михайлов Станислав Игоревич
365,2025-09-18 09:10:00,2025-09-18 10:52:00,ул. Октябрьская 24,Васильева Ольга Алексеевна
366,2025-09-19 15:30:00,2025-09-19 17:28:00,ул. Садовая 27,Белова Надежда Тимофеевна
367,2025-09-20 11:50:00,2025-09-20 13:11:00,ул. Школьная 22,Егоров Константин Ильич
368,2025-09-21 16:10:00,2025-09-21 17:52:00,ул. Западная 8,Борисов Андрей Сергеевич
369,2025-09-22 10:40:00,2025-09-22 12:05:00,ул. Западная 8,Белова Надежда Тимофеевна
370,2025-09-23 12:00:00,2025-09-23 13:04:00,ул. Полевая 19,Соколова Наталья Романовна
371,2025-09-24 12:00:00,2025-09-24 13:26:00,ул. Победы 5,Егоров Константин Ильич
372,2025-09-25 16:40:00,2025-09-25 18:12:00,ул. Первомайская 1,Морозов Дмитрий Юрьевич
373,2025-09-26 15:10:00,2025-09-26 16:38:00,ул. Гагарина 10,Петров Пётр Петрович
374,2025-09-27 13:00:00,2025-09-27 14:22:00,ул. Южная 23,Белова Надежда Тимофеевна
375,2025-09-28 14:10:00,2025-09-28 16:08:00,ул. Северная 21,Антонова Людмила Николаевна
376,2025-09-29 10:20:00,2025-09-29 11:40:00,ул. Луговая 2,Антонова Людмила Николаевна
377,2025-09-30 08:20:00,2025-09-30 09:53:00,ул. Ленина 12,Зайцев Игорь Никитич
378,2025-10-01 13:40:00,2025-10-01 14:48:00,ул. Заводская 30,Семенов Роман Витальевич
379,2025-10-02 11:00:00,2025-10-02 12:52:00,ул. Южная 23,Михайлов Станислав Игоревич
380,2025-10-03 13:10:00,2025-10-03 15:01:00,ул. Мира 40,Фёдоров Артём Викторович
381,2025-10-04 13:30:00,2025-10-04 15:14:00,ул. Зеленая 13,Егоров Константин Ильич
382,2025-10-05 16:30:00,2025-10-05 18:11:00,ул. Рабочая 17,Григорьев Олег Дмитриевич
383,2025-10-06 12:40:00,2025-10-06 13:57:00,ул. Советская 7,Петров Пётр Петрович
384,2025-10-07 11:50:00,2025-10-07 12:52:00,ул. Школьная 22,Петров Пётр Петрович
385,2025-10-08 10:30:00,2025-10-08 12:23:00,ул. Кирова 18,Петров Пётр Петрович
386,2025-10-09 10:50:00,2025-10-09 11:55:00,ул. Молодежная 11,Попов Михаил Андреевич
387,2025-10-10 16:00:00,2025-10-10 17:52:00,ул. Набережная 28,Тихонов Евгений Владимирович
388,2025-10-11 10:20:00,2025-10-11 11:41:00,ул. Строителей 3,Сидоров Алексей Николаевич
389,2025-10-12 16:40:00,2025-10-12 18:30:00,ул. Заводская 30,Козлова Дарья Михайловна
390,2025-10-13 08:40:00,2025-10-13 09:57:00,ул. Строителей 3,Макарова Инна Геннадьевна
391,2025-10-14 09:10:00,2025-10-14 10:35:00,ул. Колхозная 14,Фёдоров Артём Викторович
392,2025-10-15 11:30:00,2025-10-15 12:51:00,ул. Западная 8,Петров Пётр Петрович
393,2025-10-16 11:50:00,2025-10-16 13:49:00,ул. Чехова 6,Петров Пётр Петрович
394,2025-10-17 16:00:00,2025-10-17 17:52:00,ул. Молодежная 11,Макарова Инна Геннадьевна
395,2025-10-18 14:20:00,2025-10-18 16:20:00,ул. Центральная 15,Сидоров Алексей Николаевич
396,2025-10-19 14:00:00,2025-10-19 15:25:00,ул. Южная 23,Сидоров Алексей Николаевич
397,2025-10-20 15:20:00,2025-10-20 16:27:00,ул. Полевая 19,Соколова Наталья Романовна
398,2025-10-21 09:30:00,2025-10-21 10:53:00,ул. Чехова 6,Семенов Роман Витальевич
399,2025-10-22 09:20:00,2025-10-22 10:50:00,ул. Школьная 22,Семенов Роман Витальевич
400,2025-10-23 12:40:00,2025-10-23 14:36:00,ул. Парковая 16,Борисов Андрей Сергеевич
401,2025-10-24 11:50:00,2025-10-24 13:32:00,ул. Западная 8,Борисов Андрей Сергеевич
402,2025-10-25 14:50:00,2025-10-25 16:45:00,ул. Полевая 19,Егоров Константин Ильич
403,2025-10-26 11:00:00,2025-10-26 12:21:00,ул. Зеленая 13,Николаева Светлана Валерьевна
404,2025-10-27 15:20:00,2025-10-27 17:16:00,ул. Молодежная 11,Козлова Дарья Михайловна
405,2025-10-28 08:00:00,2025-10-28 09:38:00,ул. Центральная 15,Смирнова Анна Владимировна
406,2025-10-29 11:30:00,2025-10-29 12:41:00,ул. Ленина 12,Фёдоров Артём Викторович
407,2025-10-30 11:50:00,2025-10-30 13:15:00,ул. Восточная 29,Соколова Наталья Романовна
408,2025-10-31 13:50:00,2025-10-31 15:25:00,ул. Западная 8,Петров Пётр Петрович
409,2025-11-01 11:10:00,2025-11-01 12:59:00,ул. Строителей 3,Козлова Дарья Михайловна
410,2025-11-02 09:00:00,2025-11-02 10:07:00,ул. Колхозная 14,Сидоров Алексей Николаевич
411,2025-11-03 08:50:00,2025-11-03 10:26:00,ул. Зеленая 13,Семенов Роман Витальевич
412,2025-11-04 11:30:00,2025-11-04 12:40:00,ул. Садовая 27,Тихонов Евгений Владимирович
413,2025-11-05 08:00:00,2025-11-05 09:13:00,ул. Строителей 3,Макарова Инна Геннадьевна
414,2025-11-06 13:00:00,2025-11-06 14:53:00,ул. Новая 9,Зайцев Игорь Никитич
415,2025-11-07 16:50:00,2025-11-07 18:32:00,ул. Колхозная 14,Соколова Наталья Романовна
416,2025-11-08 14:30:00,2025-11-08 15:30:00,ул. Центральная 15,Григорьев Олег Дмитриевич
417,2025-11-09 09:00:00,2025-11-09 10:16:00,ул. Южная 23,Васильева Ольга Алексеевна
418,2025-11-10 08:10:00,2025-11-10 09:56:00,ул. Советская 7,Григорьев Олег Дмитриевич
419,2025-11-11 14:00:00,2025-11-11 15:28:00,ул. Чехова 6,Морозов Дмитрий Юрьевич
420,2025-11-12 11:40:00,2025-11-12 13:38:00,ул. Набережная 28,Мельников Павел Аркадьевич
421,2025-11-13 09:10:00,2025-11-13 10:40:00,ул. Зеленая 13,Иванов Иван Иванович
422,2025-11-14 16:00:00,2025-11-14 17:44:00,ул. Набережная 28,Комарова Виктория Артемьевна
423,2025-11-15 15:30:00,2025-11-15 16:35:00,ул. Гагарина 10,Морозов Дмитрий Юрьевич
424,2025-11-16 11:40:00,2025-11-16 13:23:00,ул. Заводская 30,Новикова Елена Павловна
425,2025-11-17 15:50:00,2025-11-17 16:53:00,ул. Парковая 16,Комарова Виктория Артемьевна
426,2025-11-18 10:50:00,2025-11-18 12:45:00,ул. Ленина 12,Антонова Людмила Николаевна
427,2025-11-19 12:40:00,2025-11-19 14:07:00,ул. Кирова 18,Михайлов Станислав Игоревич
428,2025-11-20 13:20:00,2025-11-20 14:42:00,ул. Садовая 27,Орлова Екатерина Степановна
429,2025-11-21 16:00:00,2025-11-21 17:09:00,ул. Парковая 16,Семенов Роман Витальевич
430,2025-11-22 14:30:00,2025-11-22 15:47:00,ул. Центральная 15,Тимофеева Алина Юрьевна
431,2025-11-23 15:30:00,2025-11-23 16:59:00,ул. Южная 23,Белова Надежда Тимофеевна
432,2025-11-24 09:30:00,2025-11-24 11:29:00,ул. Луговая 2,Тимофеева Алина Юрьевна
433,2025-11-25 15:20:00,2025-11-25 16:28:00,ул. Луговая 2,Фёдоров Артём Викторович
434,2025-11-26 12:30:00,2025-11-26 13:48:00,ул. Набережная 28,Тимофеева Алина Юрьевна
435,2025-11-27 15:50:00,2025-11-27 17:31:00,ул. Рабочая 17,Николаева Светлана Валерьевна
436,2025-11-28 14:40:00,2025-11-28 16:39:00,ул. Западная 8,Зайцев Игорь Никитич
437,2025-11-29 16:00:00,2025-11-29 17:35:00,ул. Садовая 27,Иванов Иван Иванович
438,2025-11-30 15:50:00,2025-11-30 17:09:00,ул. Южная 23,Михайлов Станислав Игоревич
439,2025-12-01 12:00:00,2025-12-01 13:04:00,ул. Жукова 25,Зайцев Игорь Никитич
440,2025-12-02 16:20:00,2025-12-02 18:12:00,ул. Колхозная 14,Григорьев Олег Дмитриевич
441,2025-12-03 12:50:00,2025-12-03 14:39:00,ул. Садовая 27,Фёдоров Артём Викторович
442,2025-12-04 12:10:00,2025-12-04 13:38:00,ул. Восточная 29,Попов Михаил Андреевич
443,2025-12-05 09:20:00,2025-12-05 11:06:00,ул. Кирова 18,Кузнецова Мария Сергеевна
444,2025-12-06 12:10:00,2025-12-06 13:54:00,ул. Заводская 30,Тимофеева Алина Юрьевна
445,2025-12-07 15:00:00,2025-12-07 16:06:00,ул. Жукова 25,Комарова Виктория Артемьевна
446,2025-12-08 15:30:00,2025-12-08 17:09:00,ул. Парковая 16,Макарова Инна Геннадьевна
447,2025-12-09 16:20:00,2025-12-09 17:42:00,ул. Зеленая 13,Григорьев Олег Дмитриевич
448,2025-12-10 09:10:00,2025-12-10 10:54:00,ул. Ленина 12,Николаева Светлана Валерьевна
449,2025-12-11 15:10:00,2025-12-11 16:59:00,ул. Новая 9,Козлова Дарья Михайловна
450,2025-12-12 15:40:00,2025-12-12 17:24:00,ул. Березовая 4,Киселёва Полина Васильевна
451,2025-12-13 16:50:00,2025-12-13 17:58:00,ул. Центральная 15,Комарова Виктория Артемьевна
452,2025-12-14 13:10:00,2025-12-14 14:29:00,ул. Зеленая 13,Комарова Виктория Артемьевна
453,2025-12-15 14:50:00,2025-12-15 16:16:00,ул. Победы 5,Васильева Ольга Алексеевна
454,2025-12-16 15:20:00,2025-12-16 16:54:00,ул. Молодежная 11,Михайлов Станислав Игоревич
455,2025-12-17 10:30:00,2025-12-17 11:49:00,ул. Зеленая 13,Тимофеева Алина Юрьевна
456,2025-12-18 16:20:00,2025-12-18 18:14:00,ул. Заводская 30,Фёдоров Артём Викторович
457,2025-12-19 14:00:00,2025-12-19 15:17:00,ул. Восточная 29,Фёдоров Артём Викторович
458,2025-12-20 09:30:00,2025-12-20 10:58:00,ул. Советская 7,Комарова Виктория Артемьевна
459,2025-12-21 15:30:00,2025-12-21 17:06:00,ул. Полевая 19,Алексеева Татьяна Олеговна
460,2025-12-22 11:10:00,2025-12-22 12:34:00,ул. Пушкина 34,Смирнова Анна Владимировна
461,2025-12-23 12:50:00,2025-12-23 14:19:00,ул. Северная 21,Орлова Екатерина Степановна
462,2025-12-24 08:00:00,2025-12-24 09:26:00,ул. Парковая 16,Макарова Инна Геннадьевна
463,2025-12-25 14:10:00,2025-12-25 15:43:00,ул. Кирова 18,Новикова Елена Павловна
464,2025-12-26 10:10:00,2025-12-26 11:18:00,ул. Победы 5,Мельников Павел Аркадьевич
465,2025-12-27 16:10:00,2025-12-27 17:54:00,ул. Набережная 28,Васильева Ольга Алексеевна
466,2025-12-28 09:10:00,2025-12-28 10:53:00,ул. Набережная 28,Васильева Ольга Алексеевна
467,2025-12-29 15:50:00,2025-12-29 17:44:00,ул. Кирова 18,Михайлов Станислав Игоревич
468,2025-12-30 09:10:00,2025-12-30 10:39:00,ул. Полевая 19,Егоров Константин Ильич
469,2025-12-31 11:30:00,2025-12-31 12:44:00,ул. Пушкина 34,Новикова Елена Павловна
470,2026-01-01 10:40:00,2026-01-01 12:39:00,ул. Садовая 27,Соколова Наталья Романовна
471,2026-01-02 09:10:00,2026-01-02 10:31:00,ул. Первомайская 1,Антонова Людмила Николаевна
472,2026-01-03 15:40:00,2026-01-03 17:07:00,ул. Садовая 27,Морозов Дмитрий Юрьевич
473,2026-01-04 14:40:00,2026-01-04 16:14:00,ул. Жукова 25,Сидоров Алексей Николаевич
474,2026-01-05 13:30:00,2026-01-05 14:47:00,ул. Центральная 15,Зайцев Игорь Никитич
475,2026-01-06 11:10:00,2026-01-06 12:24:00,ул. Заводская 30,Лебедев Максим Евгеньевич
476,2026-01-07 16:00:00,2026-01-07 17:44:00,ул. Октябрьская 24,Соколова Наталья Романовна
477,2026-01-08 12:10:00,2026-01-08 13:38:00,ул. Набережная 28,Борисов Андрей Сергеевич
478,2026-01-09 14:40:00,2026-01-09 16:27:00,ул. Зеленая 13,Лебедев Максим Евгеньевич
479,2026-01-10 11:00:00,2026-01-10 12:41:00,ул. Заводская 30,Соколова Наталья Романовна
480,2026-01-11 14:50:00,2026-01-11 16:01:00,ул. Новая 9,Сидоров Алексей Николаевич
481,2026-01-12 11:10:00,2026-01-12 12:13:00,ул. Садовая 27,Сидоров Алексей Николаевич
482,2026-01-13 15:30:00,2026-01-13 16:37:00,ул. Ленина 12,Тимофеева Алина Юрьевна
483,2026-01-14 15:30:00,2026-01-14 17:19:00,ул. Строителей 3,Васильева Ольга Алексеевна
484,2026-01-15 10:40:00,2026-01-15 12:30:00,ул. Гагарина 10,Комарова Виктория Артемьевна
485,2026-01-16 09:10:00,2026-01-16 10:14:00,ул. Луговая 2,Белова Надежда Тимофеевна
486,2026-01-17 14:10:00,2026-01-17 15:53:00,ул. Северная 21,Соколова Наталья Романовна
487,2026-01-18 11:20:00,2026-01-18 13:03:00,ул. Чехова 6,Петров Пётр Петрович
488,2026-01-19 15:40:00,2026-01-19 17:40:00,ул. Октябрьская 24,Тихонов Евгений Владимирович
489,2026-01-20 15:00:00,2026-01-20 16:31:00,ул. Первомайская 1,Тимофеева Алина Юрьевна
490,2026-01-21 08:20:00,2026-01-21 09:28:00,ул. Колхозная 14,Смирнова Анна Владимировна
491,2026-01-22 13:50:00,2026-01-22 15:36:00,ул. Советская 7,Новикова Елена Павловна
492,2026-01-23 09:20:00,2026-01-23 10:39:00,ул. Гагарина 10,Попов Михаил Андреевич
493,2026-01-24 15:20:00,2026-01-24 17:14:00,ул. Луговая 2,Соколова Наталья Романовна
494,2026-01-25 09:10:00,2026-01-25 10:56:00,ул. Рабочая 17,Петров Пётр Петрович
495,2026-01-26 16:30:00,2026-01-26 18:28:00,ул. Южная 23,Комарова Виктория Артемьевна
496,2026-01-27 15:40:00,2026-01-27 17:30:00,ул. Пушкина 34,Попов Михаил Андреевич
497,2026-01-28 13:20:00,2026-01-28 15:07:00,ул. Ленина 12,Семенов Роман Витальевич
498,2026-01-29 16:50:00,2026-01-29 17:53:00,ул. Набережная 28,Тимофеева Алина Юрьевна
499,2026-01-30 12:10:00,2026-01-30 13:36:00,ул. Пушкина 34,Смирнова Анна Владимировна
500,2026-01-31 14:00:00,2026-01-31 15:33:00,ул. Школьная 22,Григорьев Олег Дмитриевич
501,2026-02-01 15:00:00,2026-02-01 16:08:00,ул. Гагарина 10,Васильева Ольга Алексеевна
502,2026-02-02 13:40:00,2026-02-02 15:16:00,ул. Новая 9,Васильева Ольга Алексеевна
503,2026-02-03 15:20:00,2026-02-03 17:10:00,ул. Гагарина 10,Комарова Виктория Артемьевна
504,2026-02-04 10:00:00,2026-02-04 11:04:00,ул. Школьная 22,Морозов Дмитрий Юрьевич
505,2026-02-05 16:40:00,2026-02-05 17:40:00,ул. Зеленая 13,Зайцев Игорь Никитич
506,2026-02-06 12:50:00,2026-02-06 14:33:00,ул. Полевая 19,Петров Пётр Петрович
507,2026-02-07 15:10:00,2026-02-07 16:59:00,ул. Октябрьская 24,Орлова Екатерина Степановна
508,2026-02-08 09:10:00,2026-02-08 11:04:00,ул. Победы 5,Белова Надежда Тимофеевна
509,2026-02-09 10:50:00,2026-02-09 12:14:00,ул. Гагарина 10,Макарова Инна Геннадьевна
510,2026-02-10 15:20:00,2026-02-10 16:49:00,ул. Школьная 22,Сидоров Алексей Николаевич
511,2026-02-11 10:50:00,2026-02-11 12:37:00,ул. Северная 21,Иванов Иван Иванович
512,2026-02-12 15:20:00,2026-02-12 16:25:00,ул. Первомайская 1,Григорьев Олег Дмитриевич
513,2026-02-13 10:50:00,2026-02-13 12:24:00,ул. Парковая 16,Кузнецова Мария Сергеевна
514,2026-02-14 13:10:00,2026-02-14 14:41:00,ул. Пушкина 34,Новикова Елена Павловна
515,2026-02-15 15:40:00,2026-02-15 16:41:00,ул. Восточная 29,Антонова Людмила Николаевна
516,2026-02-16 08:00:00,2026-02-16 09:22:00,ул. Школьная 22,Алексеева Татьяна Олеговна
517,2026-02-17 12:00:00,2026-02-17 13:30:00,ул. Западная 8,Макарова Инна Геннадьевна
518,2026-02-18 11:30:00,2026-02-18 13:01:00,ул. Центральная 15,Зайцев Игорь Никитич
519,2026-02-19 10:40:00,2026-02-19 12:22:00,ул. Первомайская 1,Тимофеева Алина Юрьевна
520,2026-02-20 15:40:00,2026-02-20 17:39:00,ул. Рабочая 17,Тихонов Евгений Владимирович
521,2026-02-21 13:50:00,2026-02-21 15:34:00,ул. Центральная 15,Николаева Светлана Валерьевна
522,2026-02-22 11:30:00,2026-02-22 13:06:00,ул. Северная 21,Киселёва Полина Васильевна
523,2026-02-23 08:30:00,2026-02-23 10:14:00,ул. Западная 8,Фёдоров Артём Викторович
524,2026-02-24 12:50:00,2026-02-24 14:03:00,ул. Пушкина 34,Тимофеева Алина Юрьевна
525,2026-02-25 08:10:00,2026-02-25 10:07:00,ул. Колхозная 14,Попов Михаил Андреевич
526,2026-02-26 10:30:00,2026-02-26 11:57:00,ул. Березовая 4,Зайцев Игорь Никитич
527,2026-02-27 13:00:00,2026-02-27 14:02:00,ул. Октябрьская 24,Семенов Роман Витальевич
528,2026-02-28 09:40:00,2026-02-28 10:56:00,ул. Западная 8,Николаева Светлана Валерьевна
529,2026-03-01 11:10:00,2026-03-01 12:51:00,ул. Садовая 27,Тимофеева Алина Юрьевна
530,2026-03-02 08:10:00,2026-03-02 09:23:00,ул. Садовая 27,Зайцев Игорь Никитич
531,2026-03-03 08:40:00,2026-03-03 09:46:00,ул. Парковая 16,Егоров Константин Ильич
532,2026-03-04 09:00:00,2026-03-04 10:10:00,ул. Набережная 28,Макарова Инна Геннадьевна
533,2026-03-05 11:20:00,2026-03-05 12:29:00,ул. Молодежная 11,Семенов Роман Витальевич
534,2026-03-06 16:50:00,2026-03-06 18:05:00,ул. Октябрьская 24,Тихонов Евгений Владимирович
535,2026-03-07 10:40:00,2026-03-07 12:23:00,ул. Садовая 27,Борисов Андрей Сергеевич
536,2026-03-08 15:00:00,2026-03-08 16:34:00,ул. Центральная 15,Фёдоров Артём Викторович
537,2026-03-09 11:30:00,2026-03-09 12:31:00,ул. Луговая 2,Новикова Елена Павловна
538,2026-03-10 12:50:00,2026-03-10 14:42:00,ул. Строителей 3,Петров Пётр Петрович
539,2026-03-11 14:40:00,2026-03-11 16:09:00,ул. Рабочая 17,Морозов Дмитрий Юрьевич
540,2026-03-12 15:40:00,2026-03-12 16:49:00,ул. Жукова 25,Зайцев Игорь Никитич
541,2026-03-13 13:40:00,2026-03-13 15:30:00,ул. Жукова 25,Лебедев Максим Евгеньевич
542,2026-03-14 12:40:00,2026-03-14 14:12:00,ул. Ленина 12,Борисов Андрей Сергеевич
543,2026-03-15 13:20:00,2026-03-15 14:21:00,ул. Северная 21,Васильева Ольга Алексеевна
544,2026-03-16 16:00:00,2026-03-16 17:05:00,ул. Западная 8,Алексеева Татьяна Олеговна
545,2026-03-17 14:20:00,2026-03-17 16:15:00,ул. Пушкина 34,Семенов Роман Витальевич
546,2026-03-18 13:40:00,2026-03-18 15:39:00,ул. Садовая 27,Зайцев Игорь Никитич
547,2026-03-19 14:10:00,2026-03-19 16:05:00,ул. Первомайская 1,Петров Пётр Петрович
548,2026-03-20 09:00:00,2026-03-20 10:10:00,ул. Победы 5,Фёдоров Артём Викторович
549,2026-03-21 11:30:00,2026-03-21 12:32:00,ул. Мира 40,Иванов Иван Иванович
550,2026-03-22 09:40:00,2026-03-22 11:03:00,ул. Березовая 4,Зайцев Игорь Никитич
551,2026-03-23 10:00:00,2026-03-23 11:40:00,ул. Восточная 29,Николаева Светлана Валерьевна
552,2026-03-24 09:10:00,2026-03-24 10:40:00,ул. Рабочая 17,Макарова Инна Геннадьевна
553,2026-03-25 13:50:00,2026-03-25 15:37:00,ул. Западная 8,Морозов Дмитрий Юрьевич
554,2026-03-26 14:50:00,2026-03-26 16:10:00,ул. Мира 40,Семенов Роман Витальевич
555,2026-03-27 14:50:00,2026-03-27 16:17:00,ул. Центральная 15,Козлова Дарья Михайловна